feature 1,feature 2,feature 3,Label
12,0.1234,5.321,A
14,0.2134,4.983,B
13,0.3034,5.123,A
15,0.3934,4.944333333,A
15.5,0.4834,4.845333333,B
16.3,0.5734,4.746333333,B
17.1,0.6634,4.647333333,B
17.9,0.7534,4.548333333,A
18.7,0.8434,4.449333333,B
19.5,0.9334,4.350333333,A